Model,Accuracy,AUC,Precision,Recall,F1,MCC
Logistic Regression,0.9624615384615385,0.9930470235982564,0.9624605601580781,0.9624615384615385,0.9624606843521947,0.9248213146809002
Decision Tree,1.0,1.0,1.0,1.0,1.0,1.0
K-Nearest Neighbor,1.0,1.0,1.0,1.0,1.0,1.0
Naive Bayes,0.9255384615384615,0.9453772717758301,0.9255933811053647,0.9255384615384615,0.9255487362965001,0.8509586839257287
Random Forest,1.0,1.0,1.0,1.0,1.0,1.0
XGBoost,1.0,1.0,1.0,1.0,1.0,1.0
